Best_individual,Fitness_values,Time (hours)
"('linear', np.float64(11.421052631578947))",0.7985511889084831,1.7477936214870876e-05
"('linear', np.float64(11.421052631578947))",0.7985511889084831,0.030577282110850017
