Best_individual,Fitness_values,Time (hours)
"('linear', np.float64(1.0))",0.9465160231530572,0.07068701220883264
"('linear', np.float64(1.0))",0.9465160231530572,1.7780992719862195e-05
