Best_individual,Fitness_values,Time (hours)
"('linear', np.float64(1.0))",0.37673875828727177,0.03903963168462118
"('linear', np.float64(1.0))",0.37673875828727177,0.022905496226416695
